train_loss,val_loss
3.3955838367674085,0.9519117938147651
2.0727327089839513,1.3637512747446696
1.7342278008990817,1.491309724383884
1.5679195813337963,1.5800644720925225
1.411273353629642,1.7314365328682793
